{
    "name": "{{ .name }}",
    "enabled": true,
    "dataType": "STRING",
    "dataSources": [
      {
        "enabled": true,
        "source": "REQUEST_HEADER",
        "valueProcessing": {
          "splitAt": "",
          "trim": false,
          "extractSubstring": {
            "position": "BETWEEN",
            "delimiter": "{{ .delimiter }}",
            "endDelimiter": "{{ .endDelimiter }}"
          }
        },
        "parameterName": "{{ .headerName }}",
        "capturingAndStorageLocation": "CAPTURE_AND_STORE_ON_SERVER"
      }
    ],
    "normalization": "ORIGINAL",
    "aggregation": "FIRST",
    "confidential": false,
    "skipPersonalDataMasking": false
  }