{
    "name": "{{ .name }}",
    "rules": [
      {
        "enabled": true,
        "valueFormat": "{ProcessGroup:KubernetesContainerName}",
        "valueNormalization": "Leave text as-is",
        "type": "ME",
        "attributeRule": {
          "entityType": "PROCESS_GROUP",
          "conditions": [
            {
              "key": "CLOUD_APPLICATION_NAMESPACE_NAME",
              "operator": "EQUALS",
              "stringValue": "{{ .namespace }}",
              "caseSensitive": true
            }
          ],
          "pgToHostPropagation": false,
          "pgToServicePropagation": true
        }
      }
    ]
  }
  