{
  "tsmMetricKey": "{{ .metricKey }}",
  "name": "{{ .name }}",
  "enabled": true,
  "metricDefinition": {
    "metric": "RESPONSE_TIME",
    "requestAttribute": null
  },
  "unit": "MICRO_SECOND",
  "unitDisplayName": "",
  "entityId": null,
  "managementZones": [],
  "conditions": [
    {
      "attribute": "SERVICE_TAG",
      "comparisonInfo": {
        "type": "TAG",
        "comparison": "EQUALS",
        "value": {
          "context": "CONTEXTLESS",
          "key": "app",
          "value": "simplenodeservice"
        },
        "negate": false
      }
    },
    {
      "attribute": "SERVICE_TAG",
      "comparisonInfo": {
        "type": "TAG",
        "comparison": "EQUALS",
        "value": {
          "context": "CONTEXTLESS",
          "key": "environment",
          "value": "staging"
        },
        "negate": false
      }
    }
  ],
  "dimensionDefinition": {
    "name": "method",
    "dimension": "{Request:Name}",
    "placeholders": [],
    "topX": 10,
    "topXDirection": "DESCENDING",
    "topXAggregation": "AVERAGE"
  }
}
