{
  "dashboardMetadata": {
    "name": "{{ .name }}",
    "shared": true,
    "owner": "Dynatrace",
    "sharingDetails": {
      "linkShared": true,
      "published": true
    },
    "dashboardFilter": {
      "timeframe": null,
      "managementZone": {
        "id": "{{ .managementZoneId }}",
        "name": "{{ .managementZoneName }}"
      }
    }
  },
  "tiles": [
    {
      "name": "Host health",
      "tileType": "HOSTS",
      "configured": true,
      "bounds": {
        "top": 0,
        "left": 0,
        "width": 304,
        "height": 304
      },
      "tileFilter": {
        "timeframe": null,
        "managementZone": null
      },
      "filterConfig": null,
      "chartVisible": true
    },
    {
      "name": "Application health",
      "tileType": "APPLICATIONS",
      "configured": true,
      "bounds": {
        "top": 0,
        "left": 304,
        "width": 304,
        "height": 304
      },
      "tileFilter": {
        "timeframe": null,
        "managementZone": null
      },
      "filterConfig": null,
      "chartVisible": true
    },
    {
      "name": "Synthetic monitor health",
      "tileType": "SYNTHETIC_TESTS",
      "configured": true,
      "bounds": {
        "top": 304,
        "left": 0,
        "width": 304,
        "height": 304
      },
      "tileFilter": {
        "timeframe": null,
        "managementZone": null
      },
      "filterConfig": null,
      "chartVisible": true
    },
    {
      "name": "Service health",
      "tileType": "SERVICES",
      "configured": true,
      "bounds": {
        "top": 304,
        "left": 304,
        "width": 304,
        "height": 304
      },
      "tileFilter": {
        "timeframe": null,
        "managementZone": null
      },
      "filterConfig": null,
      "chartVisible": true
    }
  ]
}
