{
  "name": "{{ .name }}",
  "rules": [
    {
      "type": "PROCESS_GROUP",
      "enabled": true,
      "valueFormat": null,
      "propagationTypes": ["PROCESS_GROUP_TO_SERVICE"],
      "conditions": [
        {
          "key": {
            "attribute": "PROCESS_GROUP_PREDEFINED_METADATA",
            "dynamicKey": "KUBERNETES_NAMESPACE",
            "type": "PROCESS_PREDEFINED_METADATA_KEY"
          },
          "comparisonInfo": {
            "type": "STRING",
            "operator": "EQUALS",
            "value": "default",
            "negate": false,
            "caseSensitive": true
          }
        }
      ]
    }
  ]
}
