{
  "name": "{{ .name }}",
  "description": null,
  "rules": [
    {
      "type": "HOST",
      "enabled": true,
      "propagationTypes": [],
      "conditions": [
        {
          "key": {
            "attribute": "KUBERNETES_CLUSTER_NAME",
            "type": "STATIC"
          },
          "comparisonInfo": {
            "type": "STRING",
            "operator": "EXISTS",
            "value": null,
            "negate": false,
            "caseSensitive": null
          }
        }
      ]
    }
  ],
  "dimensionalRules": [],
  "entitySelectorBasedRules": []
}
